{
  "Name": "01RegistrarUsuarioExito",
  "CreationDate": "2022-4-16",
  "Commands": [
    {
      "Command": "open",
      "Target": "http://localhost/LineaII/Corte2_BD/Tweet/login.php",
      "Value": "",
      "Description": ""
    },
    {
      "Command": "clickAndWait",
      "Target": "linkText=🗳 Registrar",
      "Value": "",
      "Targets": [
        "linkText=🗳 Registrar",
        "xpath=/html/body/nav/div/div/div[2]/a",
        "xpath=//div[2]/a",
        "css=body > nav > div > div:nth-child(1) > div:nth-child(2) > a"
      ],
      "Description": ""
    },
    {
      "Command": "click",
      "Target": "id=name",
      "Value": "",
      "Targets": [
        "id=name",
        "name=name",
        "xpath=//*[@id=\"name\"]",
        "xpath=//input[@id='name']",
        "xpath=//input",
        "css=#name"
      ],
      "Description": ""
    },
    {
      "Command": "type",
      "Target": "id=name",
      "Value": "Prueba",
      "Targets": [
        "id=name",
        "name=name",
        "xpath=//*[@id=\"name\"]",
        "xpath=//input[@id='name']",
        "xpath=//input",
        "css=#name"
      ],
      "Description": ""
    },
    {
      "Command": "type",
      "Target": "id=lastname",
      "Value": "Prueba",
      "Targets": [
        "id=lastname",
        "name=lastname",
        "xpath=//*[@id=\"lastname\"]",
        "xpath=//input[@id='lastname']",
        "xpath=//div[2]/input",
        "css=#lastname"
      ],
      "Description": ""
    },
    {
      "Command": "type",
      "Target": "id=email",
      "Value": "prueba@gmail.com",
      "Targets": [
        "id=email",
        "name=email",
        "xpath=//*[@id=\"email\"]",
        "xpath=//input[@id='email']",
        "xpath=//div[3]/input",
        "css=#email"
      ],
      "Description": ""
    },
    {
      "Command": "select",
      "Target": "name=tipDoc",
      "Value": "label=CEDULA DE EXTRANJERIA",
      "Targets": [
        "name=tipDoc",
        "xpath=//*[@id=\"style-5\"]/div/div[4]/select",
        "xpath=//select[@name='tipDoc']",
        "xpath=//select",
        "css=#style-5 > div:nth-child(1) > div:nth-child(4) > select"
      ],
      "Description": ""
    },
    {
      "Command": "type",
      "Target": "id=num_doc",
      "Value": "1415161231",
      "Targets": [
        "id=num_doc",
        "name=num_doc",
        "xpath=//*[@id=\"num_doc\"]",
        "xpath=//input[@id='num_doc']",
        "xpath=//div[5]/input",
        "css=#num_doc"
      ],
      "Description": ""
    },
    {
      "Command": "type",
      "Target": "id=direccion",
      "Value": "Calle 4 #5 - 20",
      "Targets": [
        "id=direccion",
        "name=direccion",
        "xpath=//*[@id=\"direccion\"]",
        "xpath=//input[@id='direccion']",
        "xpath=//div[2]/div/input",
        "css=#direccion"
      ],
      "Description": ""
    },
    {
      "Command": "click",
      "Target": "id=numhijos",
      "Value": "",
      "Targets": [
        "id=numhijos",
        "name=numhijos",
        "xpath=//*[@id=\"numhijos\"]",
        "xpath=//select[@id='numhijos']",
        "xpath=//div[2]/select",
        "css=#numhijos"
      ],
      "Description": ""
    },
    {
      "Command": "select",
      "Target": "id=numhijos",
      "Value": "label=Entre tres y cinco",
      "Targets": [
        "id=numhijos",
        "name=numhijos",
        "xpath=//*[@id=\"numhijos\"]",
        "xpath=//select[@id='numhijos']",
        "xpath=//div[2]/select",
        "css=#numhijos"
      ],
      "Description": ""
    },
    {
      "Command": "click",
      "Target": "xpath=//*[@id=\"numhijos\"]/option[4]",
      "Value": "",
      "Targets": [
        "xpath=//*[@id=\"numhijos\"]/option[4]",
        "xpath=//div[2]/select/option[4]",
        "css=#numhijos > option:nth-child(4)"
      ],
      "Description": ""
    },
    {
      "Command": "click",
      "Target": "xpath=//*[@id=\"style-5\"]/div[2]/div[3]/label",
      "Value": "",
      "Targets": [
        "xpath=//*[@id=\"style-5\"]/div[2]/div[3]/label",
        "xpath=//div[2]/div[3]/label",
        "css=#style-5 > div:nth-child(2) > div:nth-child(3) > label"
      ],
      "Description": ""
    },
    {
      "Command": "click",
      "Target": "id=estCivil",
      "Value": "",
      "Targets": [
        "id=estCivil",
        "name=estCivil",
        "xpath=//*[@id=\"estCivil\"]",
        "xpath=//select[@id='estCivil']",
        "xpath=//div[3]/select",
        "css=#estCivil"
      ],
      "Description": ""
    },
    {
      "Command": "select",
      "Target": "id=estCivil",
      "Value": "label=Viudo",
      "Targets": [
        "id=estCivil",
        "name=estCivil",
        "xpath=//*[@id=\"estCivil\"]",
        "xpath=//select[@id='estCivil']",
        "xpath=//div[3]/select",
        "css=#estCivil"
      ],
      "Description": ""
    },
    {
      "Command": "click",
      "Target": "xpath=//*[@id=\"estCivil\"]/option[3]",
      "Value": "",
      "Targets": [
        "xpath=//*[@id=\"estCivil\"]/option[3]",
        "xpath=//div[3]/select/option[3]",
        "css=#estCivil > option:nth-child(3)"
      ],
      "Description": ""
    },
    {
      "Command": "click",
      "Target": "id=color",
      "Value": "",
      "Targets": [
        "id=color",
        "name=color",
        "xpath=//*[@id=\"color\"]",
        "xpath=//input[@id='color']",
        "xpath=//div[4]/input",
        "css=#color"
      ],
      "Description": ""
    },
    {
      "Command": "pause",
      "Target": "3000",
      "Value": "",
      "Description": ""
    },
    {
      "Command": "type",
      "Target": "id=color",
      "Value": "#0080ff",
      "Targets": [
        "id=color",
        "name=color",
        "xpath=//*[@id=\"color\"]",
        "xpath=//input[@id='color']",
        "xpath=//div[4]/input",
        "css=#color"
      ],
      "Description": ""
    },
    {
      "Command": "XClick",
      "Target": "id=archivo",
      "Value": "",
      "Targets": [
        "id=archivo",
        "name=archivo",
        "xpath=//*[@id=\"archivo\"]",
        "xpath=//input[@id='archivo']",
        "xpath=//div[2]/div[5]/input",
        "css=#archivo"
      ],
      "Description": ""
    },
    {
      "Command": "pause",
      "Target": "3000",
      "Value": "",
      "Description": ""
    },
    {
      "Command": "XType",
      "Target": "C:\\tmp\\bot.jpg",
      "Value": "",
      "Description": ""
    },
    {
      "Command": "pause",
      "Target": "3000",
      "Value": "",
      "Description": ""
    },
    {
      "Command": "XType",
      "Target": "${KEY_ENTER}",
      "Value": "",
      "Description": ""
    },
    {
      "Command": "click",
      "Target": "id=fecha_nac",
      "Value": "",
      "Targets": [
        "id=fecha_nac",
        "name=fecha_nac",
        "xpath=//*[@id=\"fecha_nac\"]",
        "xpath=//input[@id='fecha_nac']",
        "xpath=//div[3]/div/input",
        "css=#fecha_nac"
      ],
      "Description": ""
    },
    {
      "Command": "type",
      "Target": "id=fecha_nac",
      "Value": "0002-01-01",
      "Targets": [
        "id=fecha_nac",
        "name=fecha_nac",
        "xpath=//*[@id=\"fecha_nac\"]",
        "xpath=//input[@id='fecha_nac']",
        "xpath=//div[3]/div/input",
        "css=#fecha_nac"
      ],
      "Description": ""
    },
    {
      "Command": "type",
      "Target": "id=fecha_nac",
      "Value": "0020-01-01",
      "Targets": [
        "id=fecha_nac",
        "name=fecha_nac",
        "xpath=//*[@id=\"fecha_nac\"]",
        "xpath=//input[@id='fecha_nac']",
        "xpath=//div[3]/div/input",
        "css=#fecha_nac"
      ],
      "Description": ""
    },
    {
      "Command": "type",
      "Target": "id=fecha_nac",
      "Value": "0200-01-01",
      "Targets": [
        "id=fecha_nac",
        "name=fecha_nac",
        "xpath=//*[@id=\"fecha_nac\"]",
        "xpath=//input[@id='fecha_nac']",
        "xpath=//div[3]/div/input",
        "css=#fecha_nac"
      ],
      "Description": ""
    },
    {
      "Command": "type",
      "Target": "id=fecha_nac",
      "Value": "2000-01-01",
      "Targets": [
        "id=fecha_nac",
        "name=fecha_nac",
        "xpath=//*[@id=\"fecha_nac\"]",
        "xpath=//input[@id='fecha_nac']",
        "xpath=//div[3]/div/input",
        "css=#fecha_nac"
      ],
      "Description": ""
    },
    {
      "Command": "type",
      "Target": "id=username",
      "Value": "prueba",
      "Targets": [
        "id=username",
        "name=username",
        "xpath=//*[@id=\"username\"]",
        "xpath=//input[@id='username']",
        "xpath=//div[3]/div[2]/input",
        "css=#username"
      ],
      "Description": ""
    },
    {
      "Command": "type",
      "Target": "id=password",
      "Value": "Prueba123.",
      "Targets": [
        "id=password",
        "name=password",
        "xpath=//*[@id=\"password\"]",
        "xpath=//input[@id='password']",
        "xpath=//div[3]/div[3]/input",
        "css=#password"
      ],
      "Description": ""
    },
    {
      "Command": "type",
      "Target": "id=confirmpassword",
      "Value": "Prueba123.",
      "Targets": [
        "id=confirmpassword",
        "name=confirmpassword",
        "xpath=//*[@id=\"confirmpassword\"]",
        "xpath=//input[@id='confirmpassword']",
        "xpath=//div[3]/div[4]/input",
        "css=#confirmpassword"
      ],
      "Description": ""
    },
    {
      "Command": "click",
      "Target": "name=btnRegistrar",
      "Value": "",
      "Targets": [
        "name=btnRegistrar",
        "xpath=//*[@id=\"style-5\"]/input",
        "xpath=//input[@name='btnRegistrar']",
        "xpath=//form/input",
        "css=#style-5 > input"
      ],
      "Description": ""
    },
    {
      "Command": "click",
      "Target": "id=direccion",
      "Value": "",
      "Targets": [
        "id=direccion",
        "name=direccion",
        "xpath=//*[@id=\"direccion\"]",
        "xpath=//input[@id='direccion']",
        "xpath=//div[2]/div/input",
        "css=#direccion"
      ],
      "Description": ""
    },
    {
      "Command": "type",
      "Target": "id=direccion",
      "Value": "Calle 4 #5",
      "Targets": [
        "id=direccion",
        "name=direccion",
        "xpath=//*[@id=\"direccion\"]",
        "xpath=//input[@id='direccion']",
        "xpath=//div[2]/div/input",
        "css=#direccion"
      ],
      "Description": ""
    },
    {
      "Command": "click",
      "Target": "name=btnRegistrar",
      "Value": "",
      "Targets": [
        "name=btnRegistrar",
        "xpath=//*[@id=\"style-5\"]/input",
        "xpath=//input[@name='btnRegistrar']",
        "xpath=//form/input",
        "css=#style-5 > input"
      ],
      "Description": ""
    },
    {
      "Command": "type",
      "Target": "id=direccion",
      "Value": "Calle 4 5",
      "Targets": [
        "id=direccion",
        "name=direccion",
        "xpath=//*[@id=\"direccion\"]",
        "xpath=//input[@id='direccion']",
        "xpath=//div[2]/div/input",
        "css=#direccion"
      ],
      "Description": ""
    },
    {
      "Command": "pause",
      "Target": "3000",
      "Value": "",
      "Description": ""
    },
    {
      "Command": "click",
      "Target": "name=btnRegistrar",
      "Value": "",
      "Targets": [
        "name=btnRegistrar",
        "xpath=//*[@id=\"style-5\"]/input",
        "xpath=//input[@name='btnRegistrar']",
        "xpath=//form/input",
        "css=#style-5 > input"
      ],
      "Description": ""
    },
    {
      "Command": "pause",
      "Target": "2000",
      "Value": "",
      "Description": ""
    },
    {
      "Command": "XType",
      "Target": "${KEY_SPACE}",
      "Value": "",
      "Description": ""
    },
    {
      "Command": "open",
      "Target": "http://localhost/LineaII/Corte2_BD/Tweet/login.php",
      "Value": "",
      "Description": ""
    }
  ]
}