{
  "Name": "04LoginUsuarioExito",
  "CreationDate": "2022-4-16",
  "Commands": [
    {
      "Command": "open",
      "Target": "http://localhost/LineaII/Corte2_BD/Tweet/login.php",
      "Value": "",
      "Description": ""
    },
    {
      "Command": "click",
      "Target": "id=username",
      "Value": "",
      "Targets": [
        "id=username",
        "name=username",
        "xpath=//*[@id=\"username\"]",
        "xpath=//input[@id='username']",
        "xpath=//input",
        "css=#username"
      ],
      "Description": ""
    },
    {
      "Command": "type",
      "Target": "id=username",
      "Value": "prueba",
      "Targets": [
        "id=username",
        "name=username",
        "xpath=//*[@id=\"username\"]",
        "xpath=//input[@id='username']",
        "xpath=//input",
        "css=#username"
      ],
      "Description": ""
    },
    {
      "Command": "type",
      "Target": "id=password",
      "Value": "Prueba123.",
      "Targets": [
        "id=password",
        "name=password",
        "xpath=//*[@id=\"password\"]",
        "xpath=//input[@id='password']",
        "xpath=//div[2]/input",
        "css=#password"
      ],
      "Description": ""
    },
    {
      "Command": "type",
      "Target": "id=password",
      "Value": "Prueba123.",
      "Targets": [
        "id=password",
        "name=password",
        "xpath=//*[@id=\"password\"]",
        "xpath=//input[@id='password']",
        "xpath=//div[2]/input",
        "css=#password"
      ],
      "Description": ""
    },
    {
      "Command": "clickAndWait",
      "Target": "name=send",
      "Value": "",
      "Targets": [
        "name=send",
        "xpath=/html/body/div/form/button",
        "xpath=//button[@name='send']",
        "xpath=//button",
        "css=body > div > form > button"
      ],
      "Description": ""
    }
  ]
}