{
  "Name": "12ActualizarPerfilValidandoCampos",
  "CreationDate": "2022-4-16",
  "Commands": [
    {
      "Command": "open",
      "Target": "http://localhost/LineaII/Corte2_BD/Tweet/index.php",
      "Value": "",
      "Description": ""
    },
    {
      "Command": "clickAndWait",
      "Target": "id=verperfil",
      "Value": "",
      "Targets": [
        "id=verperfil",
        "name=verperfil",
        "xpath=//*[@id=\"verperfil\"]",
        "xpath=//input[@id='verperfil']",
        "xpath=//form[3]/input",
        "css=#verperfil"
      ],
      "Description": ""
    },
    {
      "Command": "click",
      "Target": "id=name",
      "Value": "",
      "Targets": [
        "id=name",
        "name=name",
        "xpath=//*[@id=\"name\"]",
        "xpath=//input[@id='name']",
        "xpath=//div/input",
        "css=#name"
      ],
      "Description": ""
    },
    {
      "Command": "type",
      "Target": "id=name",
      "Value": "Antonio||",
      "Targets": [
        "id=name",
        "name=name",
        "xpath=//*[@id=\"name\"]",
        "xpath=//input[@id='name']",
        "xpath=//div/input",
        "css=#name"
      ],
      "Description": ""
    },
    {
      "Command": "XClick",
      "Target": "name=actualizar",
      "Value": "",
      "Targets": [
        "name=actualizar",
        "xpath=//*[@id=\"style-5\"]/div[4]/input",
        "xpath=//input[@name='actualizar']",
        "xpath=//div[4]/input",
        "css=#style-5 > div:nth-child(4) > input:nth-child(1)"
      ],
      "Description": ""
    },
    {
      "Command": "type",
      "Target": "id=name",
      "Value": "Camilo",
      "Targets": [
        "id=name",
        "name=name",
        "xpath=//*[@id=\"name\"]",
        "xpath=//input[@id='name']",
        "xpath=//div/input",
        "css=#name"
      ],
      "Description": ""
    },
    {
      "Command": "click",
      "Target": "id=lastname",
      "Value": "",
      "Targets": [
        "id=lastname",
        "name=lastname",
        "xpath=//*[@id=\"lastname\"]",
        "xpath=//input[@id='lastname']",
        "xpath=//div[2]/input",
        "css=#lastname"
      ],
      "Description": ""
    },
    {
      "Command": "type",
      "Target": "id=lastname",
      "Value": "Hernandez #1231|",
      "Targets": [
        "id=lastname",
        "name=lastname",
        "xpath=//*[@id=\"lastname\"]",
        "xpath=//input[@id='lastname']",
        "xpath=//div[2]/input",
        "css=#lastname"
      ],
      "Description": ""
    },
    {
      "Command": "XClick",
      "Target": "name=actualizar",
      "Value": "",
      "Targets": [
        "name=actualizar",
        "xpath=//*[@id=\"style-5\"]/div[4]/input",
        "xpath=//input[@name='actualizar']",
        "xpath=//div[4]/input",
        "css=#style-5 > div:nth-child(4) > input:nth-child(1)"
      ],
      "Description": ""
    },
    {
      "Command": "click",
      "Target": "id=lastname",
      "Value": "",
      "Targets": [
        "id=lastname",
        "name=lastname",
        "xpath=//*[@id=\"lastname\"]",
        "xpath=//input[@id='lastname']",
        "xpath=//div[2]/input",
        "css=#lastname"
      ],
      "Description": ""
    },
    {
      "Command": "type",
      "Target": "id=lastname",
      "Value": "Pachon",
      "Targets": [
        "id=lastname",
        "name=lastname",
        "xpath=//*[@id=\"lastname\"]",
        "xpath=//input[@id='lastname']",
        "xpath=//div[2]/input",
        "css=#lastname"
      ],
      "Description": ""
    },
    {
      "Command": "click",
      "Target": "id=email",
      "Value": "",
      "Targets": [
        "id=email",
        "name=email",
        "xpath=//*[@id=\"email\"]",
        "xpath=//input[@id='email']",
        "xpath=//div[3]/input",
        "css=#email"
      ],
      "Description": ""
    },
    {
      "Command": "type",
      "Target": "id=email",
      "Value": "pachon",
      "Targets": [
        "id=email",
        "name=email",
        "xpath=//*[@id=\"email\"]",
        "xpath=//input[@id='email']",
        "xpath=//div[3]/input",
        "css=#email"
      ],
      "Description": ""
    },
    {
      "Command": "XClick",
      "Target": "name=actualizar",
      "Value": "",
      "Targets": [
        "name=actualizar",
        "xpath=//*[@id=\"style-5\"]/div[4]/input",
        "xpath=//input[@name='actualizar']",
        "xpath=//div[4]/input",
        "css=#style-5 > div:nth-child(4) > input:nth-child(1)"
      ],
      "Description": ""
    },
    {
      "Command": "click",
      "Target": "xpath=//*[@id=\"style-5\"]/div",
      "Value": "",
      "Targets": [
        "xpath=//*[@id=\"style-5\"]/div",
        "xpath=//form/div",
        "css=#style-5 > div:nth-child(1)"
      ],
      "Description": ""
    },
    {
      "Command": "type",
      "Target": "id=email",
      "Value": "pachon@gmail.com",
      "Targets": [
        "id=email",
        "name=email",
        "xpath=//*[@id=\"email\"]",
        "xpath=//input[@id='email']",
        "xpath=//div[3]/input",
        "css=#email"
      ],
      "Description": ""
    },
    {
      "Command": "click",
      "Target": "id=style-5",
      "Value": "",
      "Targets": [
        "id=style-5",
        "xpath=//*[@id=\"style-5\"]",
        "xpath=//form[@id='style-5']",
        "xpath=//body/form",
        "css=#style-5"
      ],
      "Description": ""
    },
    {
      "Command": "type",
      "Target": "id=num_doc",
      "Value": "###||1|3213",
      "Targets": [
        "id=num_doc",
        "name=num_doc",
        "xpath=//*[@id=\"num_doc\"]",
        "xpath=//input[@id='num_doc']",
        "xpath=//div[2]/div/input",
        "css=#num_doc"
      ],
      "Description": ""
    },
    {
      "Command": "click",
      "Target": "name=actualizar",
      "Value": "",
      "Targets": [
        "name=actualizar",
        "xpath=//*[@id=\"style-5\"]/div[4]/input",
        "xpath=//input[@name='actualizar']",
        "xpath=//div[4]/input",
        "css=#style-5 > div:nth-child(4) > input:nth-child(1)"
      ],
      "Description": ""
    },
    {
      "Command": "click",
      "Target": "id=style-5",
      "Value": "",
      "Targets": [
        "id=style-5",
        "xpath=//*[@id=\"style-5\"]",
        "xpath=//form[@id='style-5']",
        "xpath=//body/form",
        "css=#style-5"
      ],
      "Description": ""
    },
    {
      "Command": "type",
      "Target": "id=num_doc",
      "Value": "1234567890",
      "Targets": [
        "id=num_doc",
        "name=num_doc",
        "xpath=//*[@id=\"num_doc\"]",
        "xpath=//input[@id='num_doc']",
        "xpath=//div[2]/div/input",
        "css=#num_doc"
      ],
      "Description": ""
    },
    {
      "Command": "click",
      "Target": "id=direccion",
      "Value": "",
      "Targets": [
        "id=direccion",
        "name=direccion",
        "xpath=//*[@id=\"direccion\"]",
        "xpath=//input[@id='direccion']",
        "xpath=//div[2]/div[2]/input",
        "css=#direccion"
      ],
      "Description": ""
    },
    {
      "Command": "type",
      "Target": "id=direccion",
      "Value": "Carrera ## 4A 4  20",
      "Targets": [
        "id=direccion",
        "name=direccion",
        "xpath=//*[@id=\"direccion\"]",
        "xpath=//input[@id='direccion']",
        "xpath=//div[2]/div[2]/input",
        "css=#direccion"
      ],
      "Description": ""
    },
    {
      "Command": "XClick",
      "Target": "name=actualizar",
      "Value": "",
      "Targets": [
        "name=actualizar",
        "xpath=//*[@id=\"style-5\"]/div[4]/input",
        "xpath=//input[@name='actualizar']",
        "xpath=//div[4]/input",
        "css=#style-5 > div:nth-child(4) > input:nth-child(1)"
      ],
      "Description": ""
    },
    {
      "Command": "type",
      "Target": "id=direccion",
      "Value": "Carrera 4A 4  20",
      "Targets": [
        "id=direccion",
        "name=direccion",
        "xpath=//*[@id=\"direccion\"]",
        "xpath=//input[@id='direccion']",
        "xpath=//div[2]/div[2]/input",
        "css=#direccion"
      ],
      "Description": ""
    },
    {
      "Command": "XClick",
      "Target": "id=archivo",
      "Value": "",
      "Targets": [
        "id=archivo",
        "name=archivo",
        "xpath=//*[@id=\"archivo\"]",
        "xpath=//input[@id='archivo']",
        "xpath=//div[3]/div[2]/div/input",
        "css=#archivo"
      ],
      "Description": ""
    },
    {
      "Command": "pause",
      "Target": "2000",
      "Value": "",
      "Description": ""
    },
    {
      "Command": "XType",
      "Target": "C:\\tmp\\photo_github.jpeg",
      "Value": "",
      "Description": ""
    },
    {
      "Command": "pause",
      "Target": "2000",
      "Value": "",
      "Description": ""
    },
    {
      "Command": "XType",
      "Target": "${KEY_ENTER}",
      "Value": "",
      "Description": ""
    },
    {
      "Command": "pause",
      "Target": "2000",
      "Value": "",
      "Description": ""
    },
    {
      "Command": "XClick",
      "Target": "name=actualizar",
      "Value": "",
      "Targets": [
        "name=actualizar",
        "xpath=//*[@id=\"style-5\"]/div[4]/input",
        "xpath=//input[@name='actualizar']",
        "xpath=//div[4]/input",
        "css=#style-5 > div:nth-child(4) > input:nth-child(1)"
      ],
      "Description": ""
    },
    {
      "Command": "comment",
      "Target": "pause // 2000",
      "Value": "",
      "Description": ""
    },
    {
      "Command": "XType",
      "Target": "${KEY_ENTER}",
      "Value": "",
      "Description": ""
    }
  ]
}