{
  "Name": "crearMensaje",
  "CreationDate": "2022-4-16",
  "Commands": [
    {
      "Command": "open",
      "Target": "http://localhost/Corte2/Tweet/login.php",
      "Value": "",
      "Description": ""
    },
    {
      "Command": "click",
      "Target": "id=username",
      "Value": "",
      "Targets": [
        "id=username",
        "name=username",
        "xpath=//*[@id=\"username\"]",
        "xpath=//input[@id='username']",
        "xpath=//input",
        "css=#username"
      ],
      "Description": ""
    },
    {
      "Command": "type",
      "Target": "id=username",
      "Value": "prueba",
      "Targets": [
        "id=username",
        "name=username",
        "xpath=//*[@id=\"username\"]",
        "xpath=//input[@id='username']",
        "xpath=//input",
        "css=#username"
      ],
      "Description": ""
    },
    {
      "Command": "click",
      "Target": "xpath=/html/body/div",
      "Value": "",
      "Targets": [
        "xpath=/html/body/div",
        "xpath=//body/div",
        "css=body > div"
      ],
      "Description": ""
    },
    {
      "Command": "click",
      "Target": "id=password",
      "Value": "",
      "Targets": [
        "id=password",
        "name=password",
        "xpath=//*[@id=\"password\"]",
        "xpath=//input[@id='password']",
        "xpath=//div[2]/input",
        "css=#password"
      ],
      "Description": ""
    },
    {
      "Command": "type",
      "Target": "id=password",
      "Value": "Prueba123.",
      "Targets": [
        "id=password",
        "name=password",
        "xpath=//*[@id=\"password\"]",
        "xpath=//input[@id='password']",
        "xpath=//div[2]/input",
        "css=#password"
      ],
      "Description": ""
    },
    {
      "Command": "clickAndWait",
      "Target": "name=send",
      "Value": "",
      "Targets": [
        "name=send",
        "xpath=/html/body/div/form/button",
        "xpath=//button[@name='send']",
        "xpath=//button",
        "css=body > div > form > button"
      ],
      "Description": ""
    },
    {
      "Command": "clickAndWait",
      "Target": "id=vermensajes",
      "Value": "",
      "Targets": [
        "id=vermensajes",
        "name=vermensajes",
        "xpath=//*[@id=\"vermensajes\"]",
        "xpath=//input[@id='vermensajes']",
        "xpath=//form[2]/input",
        "css=#vermensajes"
      ],
      "Description": ""
    },
    {
      "Command": "clickAndWait",
      "Target": "name=crearmensaje",
      "Value": "",
      "Targets": [
        "name=crearmensaje",
        "xpath=/html/body/div/form/input[3]",
        "xpath=//input[@name='crearmensaje']",
        "xpath=//input[3]",
        "css=body > div:nth-child(7) > form > input:nth-child(3)"
      ],
      "Description": ""
    },
    {
      "Command": "click",
      "Target": "id=txtMensaje",
      "Value": "",
      "Targets": [
        "id=txtMensaje",
        "name=txtMensaje",
        "xpath=//*[@id=\"txtMensaje\"]",
        "xpath=//input[@id='txtMensaje']",
        "xpath=//div[2]/input",
        "css=#txtMensaje"
      ],
      "Description": ""
    },
    {
      "Command": "type",
      "Target": "id=txtMensaje",
      "Value": "Esto es una prueba de mensaje!",
      "Targets": [
        "id=txtMensaje",
        "name=txtMensaje",
        "xpath=//*[@id=\"txtMensaje\"]",
        "xpath=//input[@id='txtMensaje']",
        "xpath=//div[2]/input",
        "css=#txtMensaje"
      ],
      "Description": ""
    },
    {
      "Command": "XClick",
      "Target": "id=fulAdjunto",
      "Value": "",
      "Targets": [
        "id=fulAdjunto",
        "name=fulAdjunto",
        "xpath=//*[@id=\"fulAdjunto\"]",
        "xpath=//input[@id='fulAdjunto']",
        "xpath=//div[3]/input",
        "css=#fulAdjunto"
      ],
      "Description": ""
    },
    {
      "Command": "pause",
      "Target": "2000",
      "Value": "",
      "Description": ""
    },
    {
      "Command": "XType",
      "Target": "C:\\tmp\\foto.jpg",
      "Value": "",
      "Description": ""
    },
    {
      "Command": "pause",
      "Target": "2000",
      "Value": "",
      "Description": ""
    },
    {
      "Command": "XType",
      "Target": "${KEY_ENTER}",
      "Value": "",
      "Description": ""
    },
    {
      "Command": "clickAndWait",
      "Target": "name=btnEnviar",
      "Value": "",
      "Targets": [
        "name=btnEnviar",
        "xpath=//*[@id=\"style-5\"]/div/form/input[2]",
        "xpath=//input[@name='btnEnviar']",
        "xpath=//div[2]/div/form/input[2]",
        "css=#style-5 > div > form > input.btn.btn-primary"
      ],
      "Description": ""
    },
    {
      "Command": "click",
      "Target": "xpath=/html/body",
      "Value": "",
      "Targets": [
        "xpath=/html/body",
        "xpath=//body",
        "css=body"
      ],
      "Description": ""
    },
    {
      "Command": "open",
      "Target": "http://localhost/Corte2/Tweet/mensajes.php",
      "Value": "",
      "Description": ""
    },
    {
      "Command": "clickAndWait",
      "Target": "name=msenviados",
      "Value": "",
      "Targets": [
        "name=msenviados",
        "xpath=/html/body/div/form/input[2]",
        "xpath=//input[@name='msenviados']",
        "xpath=//input[2]",
        "css=body > div:nth-child(7) > form > input:nth-child(2)"
      ],
      "Description": ""
    }
  ]
}