{
  "Name": "mensajesRecibidos",
  "CreationDate": "2022-4-16",
  "Commands": [
    {
      "Command": "open",
      "Target": "http://localhost/Corte2/Tweet/mensajes.php",
      "Value": "",
      "Description": ""
    },
    {
      "Command": "clickAndWait",
      "Target": "id=exit",
      "Value": "",
      "Targets": [
        "id=exit",
        "name=exit",
        "xpath=//*[@id=\"exit\"]",
        "xpath=//input[@id='exit']",
        "xpath=//input",
        "css=#exit"
      ],
      "Description": ""
    },
    {
      "Command": "type",
      "Target": "id=username",
      "Value": "prueba",
      "Targets": [
        "id=username",
        "name=username",
        "xpath=//*[@id=\"username\"]",
        "xpath=//input[@id='username']",
        "xpath=//input",
        "css=#username"
      ],
      "Description": ""
    },
    {
      "Command": "type",
      "Target": "id=password",
      "Value": "Prueba123.",
      "Targets": [
        "id=password",
        "name=password",
        "xpath=//*[@id=\"password\"]",
        "xpath=//input[@id='password']",
        "xpath=//div[2]/input",
        "css=#password"
      ],
      "Description": ""
    },
    {
      "Command": "click",
      "Target": "xpath=/html/body/div/form",
      "Value": "",
      "Targets": [
        "xpath=/html/body/div/form",
        "xpath=//form[@action='']",
        "xpath=//form",
        "css=body > div > form"
      ],
      "Description": ""
    },
    {
      "Command": "type",
      "Target": "id=username",
      "Value": "pedro",
      "Targets": [
        "id=username",
        "name=username",
        "xpath=//*[@id=\"username\"]",
        "xpath=//input[@id='username']",
        "xpath=//input",
        "css=#username"
      ],
      "Description": ""
    },
    {
      "Command": "type",
      "Target": "id=password",
      "Value": "Prueba123.",
      "Targets": [
        "id=password",
        "name=password",
        "xpath=//*[@id=\"password\"]",
        "xpath=//input[@id='password']",
        "xpath=//div[2]/input",
        "css=#password"
      ],
      "Description": ""
    },
    {
      "Command": "click",
      "Target": "xpath=/html/body/div/form/div",
      "Value": "",
      "Targets": [
        "xpath=/html/body/div/form/div",
        "xpath=//form/div",
        "css=body > div > form > div:nth-child(1)"
      ],
      "Description": ""
    },
    {
      "Command": "click",
      "Target": "xpath=/html/body/div",
      "Value": "",
      "Targets": [
        "xpath=/html/body/div",
        "xpath=//body/div",
        "css=body > div"
      ],
      "Description": ""
    },
    {
      "Command": "click",
      "Target": "xpath=/html/body/div/form/div[2]",
      "Value": "",
      "Targets": [
        "xpath=/html/body/div/form/div[2]",
        "xpath=//form/div[2]",
        "css=body > div > form > div:nth-child(2)"
      ],
      "Description": ""
    },
    {
      "Command": "clickAndWait",
      "Target": "name=send",
      "Value": "",
      "Targets": [
        "name=send",
        "xpath=/html/body/div/form/button",
        "xpath=//button[@name='send']",
        "xpath=//button",
        "css=body > div > form > button"
      ],
      "Description": ""
    },
    {
      "Command": "clickAndWait",
      "Target": "id=vermensajes",
      "Value": "",
      "Targets": [
        "id=vermensajes",
        "name=vermensajes",
        "xpath=//*[@id=\"vermensajes\"]",
        "xpath=//input[@id='vermensajes']",
        "xpath=//form[2]/input",
        "css=#vermensajes"
      ],
      "Description": ""
    },
    {
      "Command": "clickAndWait",
      "Target": "name=msrecibidos",
      "Value": "",
      "Targets": [
        "name=msrecibidos",
        "xpath=/html/body/div/form/input",
        "xpath=//input[@name='msrecibidos']",
        "xpath=//body/div/form/input",
        "css=body > div:nth-child(7) > form > input:nth-child(1)"
      ],
      "Description": ""
    },
    {
      "Command": "clickAndWait",
      "Target": "name=msrecibidos",
      "Value": "",
      "Targets": [
        "name=msrecibidos",
        "xpath=/html/body/div/form/input",
        "xpath=//input[@name='msrecibidos']",
        "xpath=//body/div/form/input",
        "css=body > div:nth-child(7) > form > input:nth-child(1)"
      ],
      "Description": ""
    },
    {
      "Command": "click",
      "Target": "linkText=Descargar@POS=14",
      "Value": "",
      "Targets": [
        "linkText=Descargar@POS=14",
        "xpath=//*[@id=\"style-5\"]/div/div[14]/div[2]/a",
        "xpath=//div[14]/div[2]/a",
        "css=#style-5 > div > div:nth-child(14) > div:nth-child(2) > a"
      ],
      "Description": ""
    }
  ]
}